{"cameraMode":{"drawMode":0,"name":"Shaded","section":"Shading Mode"},"sceneLighting":true,"audioPlay":false,"sceneViewState":{"showFog":true,"showMaterialUpdate":false,"showSkybox":true,"showFlares":true,"showImageEffects":true,"showParticleSystems":true,"showVisualEffectGraphs":true,"m_FxEnabled":false},"in2DMode":false,"pivot":{"x":-0.03000020980834961,"y":0.19999998807907105,"z":0.9600000381469727},"rotation":{"x":0.24438443779945374,"y":-0.010181485675275326,"z":0.002566001610830426,"w":0.969624400138855},"size":14.563946723937989,"orthographic":false}