{"cameraMode":{"drawMode":0,"name":"Shaded","section":"Shading Mode"},"sceneLighting":true,"audioPlay":false,"sceneViewState":{"showFog":true,"showMaterialUpdate":false,"showSkybox":true,"showFlares":true,"showImageEffects":true,"showParticleSystems":true,"showVisualEffectGraphs":true,"m_FxEnabled":false},"in2DMode":false,"pivot":{"x":-0.03000020980834961,"y":0.19999998807907105,"z":0.9600000381469727},"rotation":{"x":0.15403996407985688,"y":-0.09617380052804947,"z":0.015062845312058926,"w":0.9832649827003479},"size":12.261804580688477,"orthographic":false}