{"cameraMode":{"drawMode":0,"name":"Shaded","section":"Shading Mode"},"sceneLighting":false,"audioPlay":false,"sceneViewState":{"showFog":true,"showMaterialUpdate":false,"showSkybox":false,"showFlares":true,"showImageEffects":true,"showParticleSystems":true,"showVisualEffectGraphs":true,"m_FxEnabled":false},"in2DMode":false,"pivot":{"x":-0.03000020980834961,"y":0.19999998807907105,"z":0.9600000381469727},"rotation":{"x":0.6071997284889221,"y":0.10520602762699127,"z":-0.08153807371854782,"w":0.7833386659622192},"size":14.41283130645752,"orthographic":false}